Nome,Tipo,Raridade,Custo,ATK,DEF,Elementos,Sets
"13 Treasures of Britain",Artifact,Unique,4,None,None,"None","Arthurian Legends"
"A Midsummer Night's Dream",Aura,Unique,3,None,None,"Air","Arthurian Legends"
"Aaj-kegon Ghost Crabs",Minion,Elite,2,0,0,"Water","Gothic"
"Abaddon Succubus",Minion,Elite,4,3,3,"Water","Gothic"
"Abundance",Aura,Elite,5,None,None,"Water","Alpha, Beta"
"Abyssal Assault",Magic,Exceptional,4,None,None,"Water","Gothic"
"Accursed Albatross",Minion,Exceptional,3,1,1,"Water","Alpha, Beta"
"Accursed Desert",Site,Ordinary,None,None,None,"Fire","Gothic"
"Accursed Tower",Site,Ordinary,None,None,None,"Air","Gothic"
"Accusation",Magic,Exceptional,3,None,None,"Fire","Gothic"
"Acid Rain",Aura,Elite,3,None,None,"Water","Gothic"
"Active Volcano",Site,Exceptional,None,None,None,"Fire","Gothic"
"Adept Illusionist",Minion,Elite,2,2,2,"Water","Alpha, Beta"
"Adtonitum",Minion,Unique,7,6,6,"Air","Dragonlord"
"Aethermoeba",Minion,Elite,3,0,0,"Air","Gothic"
"Aino",Minion,Unique,3,3,3,"Water","Gothic"
"Alabaster Box",Artifact,Elite,4,None,None,"None","Gothic"
"Albespine Pikemen",Minion,Exceptional,3,3,3,"Earth","Alpha, Beta"
"Algae Bloom",Site,Ordinary,None,None,None,"Water","Gothic"
"Algor Omphalos",Artifact,Unique,4,None,None,"None","Gothic"
"All Mortals Gone",Magic,Unique,3,None,None,"Air","Gothic"
"All-terrain Vestments",Artifact,Elite,3,None,None,"None","Alpha, Beta"
"Altar of Malachai",Site,Unique,None,None,None,"None","Gothic"
"Amazon Warriors",Minion,Ordinary,5,5,5,"Earth","Alpha, Beta, Promotional"
"Amethyst Core",Artifact,Unique,1,None,None,"None","Alpha, Beta"
"Amulet of Niniane",Artifact,Unique,1,None,None,"None","Arthurian Legends"
"Ancient Dragon",Minion,Elite,7,6,6,"Fire","Alpha, Beta"
"Angel Ascendant",Minion,Elite,2,2,2,"Earth","Gothic"
"Angel's Egg",Artifact,Elite,3,None,None,"None","Alpha, Beta"
"Angry Mob",Minion,Ordinary,4,3,3,"Fire","Gothic"
"Animist",Avatar,None,None,1,1,"None","Gothic"
"Annual Fair",Site,Exceptional,None,None,None,"None","Arthurian Legends"
"Anui Undine",Minion,Exceptional,5,0,0,"Water","Alpha, Beta"
"Apostles of Thamariel",Minion,Unique,4,3,3,"Earth","Gothic"
"Apply Alkahest",Magic,Elite,4,None,None,"Earth, Fire, Water, Air","Gothic"
"Apprentice Wizard",Minion,Ordinary,3,1,1,"Air","Alpha, Beta, Promotional"
"Aquamarine Core",Artifact,Unique,1,None,None,"None","Alpha, Beta"
"Aqueduct",Site,Exceptional,None,None,None,"Earth, Water","Alpha, Beta"
"Aramos Mercenaries",Minion,Ordinary,3,3,3,"Fire","Alpha, Beta"
"Arc Lightning",Magic,Ordinary,4,None,None,"Air","Arthurian Legends"
"Arcade of Bones",Artifact,Elite,3,None,None,"None","Gothic"
"Arcane Barrage",Magic,Elite,None,None,None,"Air","Arthurian Legends"
"Archangel Gabriel",Minion,Unique,5,4,4,"Air","Gothic"
"Archangel Michael",Minion,Unique,5,4,4,"Earth","Gothic"
"Archangel Raphael",Minion,Unique,5,4,4,"Water","Gothic"
"Archangel Samael",Minion,Unique,5,4,4,"Fire","Gothic"
"Archimago",Avatar,None,None,1,1,"None","Arthurian Legends, Promotional"
"Arid Desert",Site,Ordinary,None,None,None,"Fire","Alpha, Beta"
"Arjaro Exorcist",Minion,Elite,2,2,2,"Earth","Gothic"
"Armageddon",Magic,Unique,10,None,None,"Earth, Fire, Water, Air","Gothic"
"Army of the Dead",Minion,Unique,7,8,8,"Earth","Gothic"
"Askelon Phoenix",Minion,Elite,5,4,4,"Fire","Alpha, Beta"
"Asmodeus",Minion,Unique,5,3,3,"Fire","Gothic"
"Assimilator Snail",Minion,Elite,4,0,0,"Water","Gothic"
"Assorted Animals",Magic,Elite,None,None,None,"Earth","Alpha, Beta"
"Astral Alcazar",Site,Elite,None,None,None,"None","Alpha, Beta"
"Atlantean Fate",Aura,Unique,5,None,None,"Water","Alpha, Beta"
"Atlas Wanderers",Minion,Elite,5,5,5,"Earth","Alpha, Beta"
"Attack by Night",Magic,Exceptional,3,None,None,"Air","Arthurian Legends"
"Autumn Bloom",Site,Ordinary,None,None,None,"Earth","Gothic"
"Autumn River",Site,Ordinary,None,None,None,"Water","Alpha, Beta"
"Autumn Unicorn",Minion,Exceptional,3,4,4,"Earth","Alpha, Beta"
"Avalon",Site,Unique,None,None,None,"Earth, Fire, Water, Air","Arthurian Legends"
"Avatar of Air",Avatar,None,None,1,1,"None","Alpha, Promotional"
"Avatar of Earth",Avatar,None,None,1,1,"None","Alpha, Promotional"
"Avatar of Fire",Avatar,None,None,1,1,"None","Alpha, Promotional"
"Avatar of Water",Avatar,None,None,1,1,"None","Alpha, Promotional"
"Avenging Angel",Minion,Exceptional,4,3,3,"Air","Gothic"
"Awakened Mummies",Minion,Exceptional,1,3,3,"Fire","Alpha, Beta"
"Azuridge Caravan",Minion,Ordinary,5,4,4,"Earth, Fire, Water, Air","Alpha, Beta"
"Baba Yaga's Hut",Site,Unique,None,None,None,"None","Gothic"
"Babbling Brook",Site,Exceptional,None,None,None,"Water","Arthurian Legends"
"Backstab",Magic,Exceptional,2,None,None,"Fire","Alpha, Beta"
"Bailey",Artifact,Exceptional,3,None,None,"None","Arthurian Legends"
"Ball Lightning",Magic,Elite,5,None,None,"Air","Arthurian Legends"
"Balor of the Evil Eye",Minion,Unique,6,6,6,"Fire","Gothic"
"Band of Thieves",Minion,Ordinary,3,3,3,"Air","Arthurian Legends"
"Bane Widow",Minion,Exceptional,4,1,1,"Fire","Alpha, Beta"
"Bane of Aventis",Minion,Unique,4,4,4,"Air","Gothic"
"Baptize",Magic,Ordinary,3,None,None,"Water","Gothic"
"Barging Barghest",Minion,Exceptional,3,3,3,"Fire","Gothic"
"Barrow Wight",Minion,Ordinary,2,2,2,"Earth","Gothic"
"Battering Ram",Artifact,Exceptional,2,None,None,"None","Alpha, Beta"
"Battlefield",Site,Elite,None,None,None,"None","Alpha, Beta"
"Battlemage",Avatar,None,None,3,3,"None","Alpha, Beta, Promotional"
"Beacon",Site,Exceptional,None,None,None,"Air","Arthurian Legends"
"Beast of Burden",Minion,Ordinary,2,2,2,"Fire","Alpha, Beta"
"Bedrock",Site,Exceptional,None,None,None,"Earth","Alpha, Beta"
"Begone!",Magic,Exceptional,3,None,None,"Fire","Gothic"
"Belfry",Artifact,Elite,3,None,None,"None","Alpha, Beta"
"Belmotte Longbowmen",Minion,Ordinary,3,3,3,"Earth","Alpha, Beta"
"Betrayal",Magic,Elite,5,None,None,"Fire","Gothic"
"Bind Evil",Magic,Exceptional,1,None,None,"Earth","Gothic"
"Bitten",Minion,Exceptional,1,2,2,"Earth","Gothic"
"Bitter Departed",Minion,Exceptional,2,2,2,"Air","Gothic"
"Black Cat",Minion,Elite,4,1,1,"Air","Gothic"
"Black Knight",Minion,Exceptional,5,5,3,"Fire, Water","Arthurian Legends"
"Black Mass",Magic,Unique,4,None,None,"Air","Gothic"
"Black Obelisk",Artifact,Elite,3,None,None,"None","Alpha, Beta"
"Blacksmith Family",Minion,Ordinary,2,2,2,"None","Arthurian Legends"
"Bladderblimp",Minion,Exceptional,5,3,3,"Air","Gothic"
"Blade of Thorns",Artifact,Elite,3,None,None,"None","Gothic"
"Bladedancer",Avatar,None,None,1,1,"None","Gothic"
"Blasphemy",Magic,Unique,5,None,None,"Fire, Water, Air","Gothic"
"Blasted Oak",Artifact,Unique,3,None,None,"None","Alpha, Beta"
"Blaze",Magic,Exceptional,3,None,None,"Fire","Alpha, Beta"
"Blaze of Glory",Magic,Unique,3,None,None,"Fire","Gothic"
"Bleeding Skull",Artifact,Elite,4,None,None,"None","Gothic"
"Bless",Magic,Ordinary,1,None,None,"Earth","Gothic"
"Blessed Village",Site,Ordinary,None,None,None,"Earth","Gothic"
"Blessed Well",Site,Ordinary,None,None,None,"Water","Gothic"
"Blightstone",Artifact,Elite,3,None,None,"None","Gothic"
"Blink",Magic,Ordinary,2,None,None,"Air","Alpha, Beta"
"Blizzard",Aura,Ordinary,1,None,None,"Water","Alpha, Beta"
"Blood Mana",Magic,Unique,1,None,None,"Fire","Gothic"
"Blood Ravens",Minion,Ordinary,1,1,1,"Air","Alpha, Beta"
"Blue Knight",Minion,Exceptional,3,3,2,"Water, Air","Arthurian Legends"
"Bluecap Knockers",Minion,Exceptional,3,3,3,"Earth","Arthurian Legends"
"Blunderbore",Minion,Unique,5,5,5,"Fire","Arthurian Legends"
"Bodach Bogeyman",Minion,Unique,6,4,4,"Fire","Gothic"
"Bog",Site,Ordinary,None,None,None,"Water","Arthurian Legends"
"Boil",Magic,Ordinary,3,None,None,"Fire","Alpha, Beta"
"Bone Jumble",Minion,Exceptional,1,1,1,"Air","Gothic"
"Bone Rabble",Minion,Ordinary,3,1,1,"Earth","Alpha, Beta, Promotional"
"Bone Spear",Magic,Ordinary,1,None,None,"Air","Gothic"
"Boneyard",Site,Unique,None,None,None,"None","Alpha, Beta"
"Bonfire",Site,Ordinary,None,None,None,"Fire","Arthurian Legends"
"Book Burners",Minion,Elite,3,3,3,"Fire","Gothic"
"Book of Blessings",Artifact,Unique,3,None,None,"None","Gothic"
"Book of the Dead",Artifact,Unique,5,None,None,"None","Gothic"
"Border Militia",Magic,Ordinary,3,None,None,"Earth","Alpha, Beta"
"Bosk Troll",Minion,Ordinary,2,3,3,"Earth","Alpha, Beta"
"Bottomless Pit",Site,Elite,None,None,None,"None","Alpha, Beta"
"Boudicca",Minion,Unique,4,3,3,"Fire","Arthurian Legends"
"Boulevard of Bones",Site,Elite,None,None,None,"Earth","Gothic"
"Bound Spirit",Minion,Ordinary,4,4,4,"Air","Gothic"
"Bower of Bliss",Site,Unique,None,None,None,"None","Arthurian Legends"
"Briar Patch",Site,Exceptional,None,None,None,"Earth","Arthurian Legends, Promotional"
"Bridge Troll",Minion,Exceptional,4,3,3,"Water","Alpha, Beta"
"Brobdingnag Bullfrog",Minion,Exceptional,3,3,3,"Water","Alpha, Beta"
"Brocéliande",Site,Unique,None,None,None,"None","Arthurian Legends"
"Broomstick Witch",Minion,Ordinary,2,2,2,"Air","Gothic"
"Brother Knight",Minion,Elite,4,3,2,"Fire","Arthurian Legends"
"Brown Bears",Minion,Ordinary,4,4,4,"Earth","Arthurian Legends"
"Browse",Magic,Unique,1,None,None,"Air","Alpha, Beta"
"Bruin",Minion,Unique,None,4,4,"None","Arthurian Legends, Promotional"
"Bull Demons of Adum",Minion,Elite,5,5,5,"Fire","Alpha, Beta"
"Bull Whip",Artifact,Exceptional,4,None,None,"None","Gothic"
"Bureau of Occult Control",Site,Elite,None,None,None,"None","Gothic"
"Buried Alive",Magic,Ordinary,3,None,None,"Earth","Gothic"
"Buried Treasure",Artifact,Exceptional,3,None,None,"None","Alpha, Beta"
"Burning Hands",Magic,Ordinary,3,None,None,"Fire","Arthurian Legends"
"Bury",Magic,Ordinary,3,None,None,"Earth","Alpha, Beta"
"Caelestis",Minion,Unique,7,5,5,"Earth, Fire, Water, Air","Dragonlord"
"Caerleon-Upon-Usk",Site,Unique,None,None,None,"Earth, Fire, Water","Arthurian Legends"
"Cage of Sidrak",Artifact,Unique,3,None,None,"None","Gothic"
"Call of the Sea",Magic,Elite,6,None,None,"Water","Gothic"
"Call to War",Magic,Exceptional,2,None,None,"Earth","Alpha, Beta"
"Camelot",Site,Unique,None,None,None,"None","Arthurian Legends, Promotional"
"Candlemas Monks",Minion,Elite,3,2,2,"Air","Alpha, Beta"
"Captain Baldassare",Minion,Unique,4,3,3,"Water","Alpha, Beta"
"Carrion Beetles",Minion,Ordinary,1,1,1,"Earth","Gothic"
"Carrionette",Magic,Exceptional,3,None,None,"Air","Gothic"
"Cast into Exile",Magic,Exceptional,2,None,None,"Air","Arthurian Legends"
"Castle Haunt",Minion,Exceptional,3,4,4,"Air","Arthurian Legends"
"Castle Servants",Minion,Ordinary,2,2,2,"None","Arthurian Legends"
"Castle's Ablaze!",Aura,Elite,3,None,None,"Fire","Arthurian Legends"
"Cauldron Crones",Minion,Ordinary,3,1,1,"Fire","Alpha, Beta"
"Cave Trolls",Minion,Ordinary,3,3,3,"Earth","Alpha, Beta"
"Cave-In",Magic,Exceptional,4,None,None,"Earth","Alpha, Beta"
"Cemetery Rats",Minion,Ordinary,1,1,1,"Earth","Gothic"
"Cerberus in Chains",Minion,Unique,3,5,5,"Fire","Alpha, Beta"
"Chain Lightning",Magic,Exceptional,2,None,None,"Air","Alpha, Beta"
"Chains of Prometheus",Artifact,Elite,4,None,None,"None","Alpha, Beta"
"Chaos Twister",Magic,Elite,4,None,None,"Air","Alpha, Beta"
"Chaoswish",Magic,Unique,6,None,None,"Water, Air","Gothic"
"Char Omphalos",Artifact,Unique,4,None,None,"None","Gothic"
"Charge",Magic,Ordinary,1,None,None,"Fire","Arthurian Legends"
"Cherubim",Minion,Elite,6,4,4,"Fire","Gothic"
"Chorus of Condemnation",Magic,Unique,1,None,None,"Air","Gothic"
"City of Glass",Site,Unique,None,None,None,"None","Promotional, Gothic"
"City of Plenty",Site,Unique,None,None,None,"None","Gothic"
"City of Souls",Site,Unique,None,None,None,"None","Gothic"
"City of Traitors",Site,Unique,None,None,None,"None","Gothic"
"Clairvoyant",Minion,Elite,2,1,1,"Air","Gothic"
"Clamor of Harpies",Minion,Exceptional,4,3,3,"Fire","Alpha, Beta"
"Clay Golem",Artifact,Exceptional,4,3,3,"None","Gothic"
"Cloud City",Site,Unique,None,None,None,"Air","Alpha, Beta, Promotional"
"Cloud Spirit",Minion,Ordinary,2,2,2,"Air","Alpha, Beta"
"Cold Iron Rod",Artifact,Exceptional,1,None,None,"None","Arthurian Legends"
"Colicky Dragonettes",Minion,Exceptional,3,3,3,"Fire","Alpha, Beta"
"Common Cottagers",Minion,Ordinary,2,2,2,"None","Arthurian Legends"
"Common Sense",Magic,Ordinary,2,None,None,"Earth","Alpha, Beta"
"Common Village",Site,Ordinary,None,None,None,"Earth","Arthurian Legends"
"Cone of Flame",Magic,Exceptional,6,None,None,"Fire","Alpha, Beta"
"Conqueror Worm",Minion,Elite,8,8,8,"Earth","Alpha, Beta"
"Consecrate",Magic,Exceptional,2,None,None,"Earth","Gothic"
"Consecrated Ground",Site,Exceptional,None,None,None,"Earth","Gothic"
"Coral-Reef Kelpie",Minion,Ordinary,3,3,3,"Water","Alpha, Beta"
"Cornerstone",Site,Exceptional,None,None,None,"None","Alpha, Beta"
"Corpse Catapult",Artifact,Elite,5,None,None,"None","Gothic"
"Corpse Explosion",Magic,Elite,7,None,None,"Fire","Gothic"
"Corruptor",Avatar,None,None,1,1,"None","Gothic"
"Corruptor Freak",Minion,Exceptional,3,3,3,"Fire","Gothic"
"Court Jester",Minion,Elite,3,1,1,"Water","Alpha, Beta"
"Courtesan Thaïs",Minion,Unique,5,0,0,"Fire","Alpha, Beta"
"Coy Nixie",Minion,Exceptional,3,2,2,"Water","Arthurian Legends"
"Cradle of Etherrum",Artifact,Unique,2,None,None,"None","Dragonlord"
"Cranky Overseer",Minion,Elite,4,3,3,"Fire","Gothic"
"Craterize",Magic,Elite,8,None,None,"Earth","Alpha, Beta"
"Crave Golem",Artifact,Exceptional,4,3,3,"None","Alpha, Beta"
"Crawler",Minion,Ordinary,3,3,3,"Earth","Gothic"
"Crawling Congregation",Minion,Elite,5,5,5,"Earth","Gothic"
"Critical Strike",Magic,Ordinary,2,None,None,"Fire","Alpha, Beta"
"Croaking Swamp",Site,Ordinary,None,None,None,"Water","Gothic"
"Croll Morlocks",Minion,Exceptional,3,3,3,"Earth","Gothic"
"Crossroads",Site,Elite,None,None,None,"None","Alpha, Beta"
"Crown Prince",Minion,Unique,3,3,3,"Earth","Alpha, Beta"
"Crown of the Victor",Artifact,Unique,3,None,None,"None","Alpha, Beta"
"Crucifix",Artifact,Elite,3,None,None,"None","Gothic"
"Crusade",Aura,Unique,2,None,None,"Earth","Alpha, Beta"
"Cursed Iron",Aura,Elite,2,None,None,"Fire","Gothic"
"Cursed Land",Site,Elite,None,None,None,"Fire","Arthurian Legends"
"Dalcean Phalanx",Minion,Exceptional,4,5,5,"Earth","Alpha, Beta"
"Dame Britomart",Minion,Unique,5,3,5,"Earth, Water, Air","Arthurian Legends"
"Dank Omphalos",Artifact,Unique,4,None,None,"None","Gothic"
"Daperyll Vampire",Minion,Exceptional,5,4,4,"Air","Alpha, Beta"
"Dark Alley",Site,Exceptional,None,None,None,"Air","Gothic"
"Dark Tower",Site,Ordinary,None,None,None,"Air","Alpha, Beta, Promotional"
"Darkest Dungeon",Site,Unique,None,None,None,"None","Gothic"
"Day of Judgment",Magic,Unique,7,None,None,"Fire","Promotional, Gothic"
"De Vermis Mysteriis",Artifact,Unique,3,None,None,"None","Gothic"
"Dead of Night Demon",Minion,Ordinary,2,2,2,"Air","Alpha, Beta"
"Death Dealer",Minion,Unique,7,4,4,"Fire","Alpha, Beta"
"Death Knight",Minion,Exceptional,4,3,3,"Earth","Gothic"
"Deathspeaker",Avatar,None,None,1,1,"None","Alpha, Beta, Promotional"
"Deathwish",Magic,Unique,6,None,None,"Fire, Air","Gothic"
"Deep Sea",Site,Exceptional,None,None,None,"Water","Gothic"
"Deep-Sea Mermaids",Minion,Ordinary,3,1,1,"Water","Alpha, Beta"
"Defiler Spire",Site,Unique,None,None,None,"Air","Gothic"
"Degradation",Magic,Exceptional,2,None,None,"Water","Arthurian Legends"
"Deliverance",Magic,Unique,3,None,None,"Earth","Gothic"
"Demon Hunter",Minion,Exceptional,2,2,2,"Water","Gothic"
"Demonic Contract",Magic,Elite,2,None,None,"Fire","Gothic"
"Den of Evil",Site,Ordinary,None,None,None,"Air","Gothic"
"Desecrate",Magic,Exceptional,2,None,None,"Air","Gothic"
"Desecrated Ground",Site,Exceptional,None,None,None,"Air","Gothic"
"Desecrator Kite",Minion,Ordinary,1,1,1,"Air","Gothic"
"Desert Bloom",Site,Ordinary,None,None,None,"Fire","Gothic"
"Detonate",Magic,Ordinary,1,None,None,"Fire","Gothic"
"Devil's Egg",Artifact,Elite,3,None,None,"None","Alpha, Beta"
"Dhol Chants",Magic,Elite,5,None,None,"Air","Gothic"
"Diluvian Kraken",Minion,Elite,8,8,8,"Water","Alpha, Beta"
"Dirium Fomorians",Minion,Exceptional,7,6,6,"Earth","Arthurian Legends"
"Disenchant",Magic,Ordinary,2,None,None,"Air","Alpha, Beta"
"Disintegrate",Magic,Elite,3,None,None,"Fire","Alpha, Beta"
"Dispel",Magic,Ordinary,2,None,None,"Earth","Alpha, Beta, Promotional"
"Displace",Magic,Ordinary,2,None,None,"Air","Gothic"
"Divine Healing",Magic,Exceptional,1,None,None,"Earth","Alpha, Beta"
"Divine Intervention",Magic,Unique,7,None,None,"Earth, Fire, Water, Air","Gothic"
"Divine Lance",Magic,Elite,3,None,None,"Earth","Gothic"
"Doctor Demetrius",Minion,Unique,4,2,2,"Water","Gothic"
"Dodge Roll",Magic,Exceptional,0,None,None,"Water","Alpha, Beta"
"Dome of Osiros",Site,Unique,None,None,None,"None","Alpha, Beta"
"Donnybrook Inn",Site,Unique,None,None,None,"None","Alpha, Beta"
"Doomsday Cult",Minion,Elite,5,3,3,"Fire","Gothic"
"Doomsday Device",Artifact,Unique,4,None,None,"None","Alpha, Beta"
"Doomsday Prophet",Minion,Unique,5,1,1,"Fire","Alpha, Beta"
"Dormant Monstrosity",Minion,Elite,7,6,6,"Water","Gothic"
"Dozmary Pool",Site,Unique,None,None,None,"Water","Arthurian Legends"
"Draco Corvus",Minion,Unique,7,5,5,"Earth, Air","Dragonlord"
"Draconian Bonekite",Minion,Unique,7,7,7,"Air","Gothic"
"Dragonlord",Avatar,Unique,None,1,1,"None","Dragonlord, Promotional"
"Dragonlord's Lair",Site,Unique,None,None,None,"None","Dragonlord"
"Dread Thicket",Site,Elite,None,None,None,"Air","Gothic"
"Dreadwing",Minion,Ordinary,5,4,4,"Air","Gothic"
"Dream-Quest",Magic,Unique,1,None,None,"Air","Alpha, Beta"
"Dredge",Magic,Exceptional,2,None,None,"Water","Gothic"
"Driftwood Marrows",Artifact,Exceptional,3,3,3,"None","Gothic"
"Drought",Aura,Exceptional,4,None,None,"Fire","Alpha, Beta"
"Drown",Magic,Ordinary,3,None,None,"Water","Alpha, Beta"
"Drowned",Minion,Ordinary,2,3,3,"Water","Gothic"
"Druid",Avatar,None,None,1,1,"None","Arthurian Legends, Promotional"
"Drums of Doom",Artifact,Elite,5,None,None,"None","Alpha, Beta"
"Duel",Magic,Ordinary,3,None,None,"Earth","Arthurian Legends"
"Duplicator",Avatar,None,None,1,1,"None","Gothic"
"Dwarven Digging Team",Minion,Exceptional,2,2,2,"Earth","Alpha, Beta"
"Dwarven Forge",Site,Elite,None,None,None,"Fire","Alpha, Beta"
"Earl of the Ivory Towers",Minion,Elite,3,3,3,"Air","Gothic"
"Earthquake",Magic,Elite,5,None,None,"Earth","Alpha, Beta"
"East-West Dragon",Minion,Elite,5,4,4,"Air","Alpha, Beta"
"Eclipse",Aura,Unique,2,None,None,"Air","Gothic"
"Edge of the World",Site,Elite,None,None,None,"None","Alpha, Beta"
"Eerie Coral",Artifact,Exceptional,1,None,None,"None","Gothic"
"Elder Ruins",Site,Elite,None,None,None,"Water","Gothic"
"Elementalist",Avatar,None,None,1,1,"None","Alpha, Beta, Promotional"
"Eltham Townsfolk",Minion,Ordinary,1,2,2,"Earth","Gothic"
"Enchantress",Avatar,None,None,1,1,"None","Alpha, Beta, Promotional"
"Endless Fence",Site,Unique,None,None,None,"Earth","Gothic"
"Enduring Faith",Magic,Exceptional,2,None,None,"Earth","Gothic"
"Enraged Familiar",Minion,Ordinary,3,2,2,"Fire","Gothic"
"Entangle Terrain",Aura,Ordinary,4,None,None,"Earth","Alpha, Beta"
"Entombed",Minion,Ordinary,2,3,3,"Earth","Gothic"
"Erik's Curiosa",Artifact,Unique,1,None,None,"None","Alpha"
"Ersatz Platz",Site,Elite,None,None,None,"None","Gothic"
"Escyllion Cyclops",Minion,Exceptional,6,6,6,"Fire","Alpha, Beta"
"Estranged Loner",Minion,Exceptional,3,2,2,"Water","Gothic"
"Ether Core",Artifact,Unique,1,None,None,"None","Gothic"
"Evil Presence",Aura,Exceptional,2,None,None,"Air","Alpha, Beta"
"Evil Twin",Minion,Unique,4,None,None,"Water","Gothic"
"Excalibur",Artifact,Unique,2,None,None,"None","Arthurian Legends"
"Exhume",Magic,Exceptional,2,None,None,"Earth","Gothic"
"Exorcism",Magic,Ordinary,2,None,None,"Earth","Alpha, Beta"
"Extinguish",Magic,Ordinary,3,None,None,"Water","Alpha, Beta"
"Fade",Magic,Ordinary,2,None,None,"Air","Alpha, Beta"
"Fae City",Site,Exceptional,None,None,None,"Air","Arthurian Legends"
"Fail-not Bow",Artifact,Unique,4,None,None,"None","Arthurian Legends"
"Failed Mutation",Minion,Exceptional,4,4,4,"Water","Gothic"
"Faith Incarnate",Minion,Elite,5,0,0,"Earth","Gothic"
"Fallen Angel",Minion,Exceptional,4,3,3,"Fire","Gothic"
"Falling Star",Aura,Elite,4,None,None,"Air","Gothic"
"False Idol",Artifact,Elite,6,None,None,"None","Gothic"
"Far East Assassin",Minion,Elite,2,2,2,"Fire","Alpha, Beta"
"Fatality",Magic,Exceptional,3,None,None,"Fire, Air","Gothic"
"Feast for Crows",Magic,Unique,3,None,None,"Air","Arthurian Legends"
"Feign Death",Magic,Exceptional,3,None,None,"Water","Gothic"
"Felbog Frog Men",Minion,Exceptional,2,2,2,"Water","Alpha, Beta"
"Fenvale Muse",Minion,Ordinary,1,0,0,"Water","Alpha, Beta"
"Ferryman's Coin",Artifact,Exceptional,1,None,None,"None","Gothic"
"Fertile Earth",Site,Exceptional,None,None,None,"Earth","Gothic"
"Fey Changeling",Minion,Exceptional,3,1,1,"Water","Alpha, Beta"
"Field Laborers",Minion,Ordinary,3,2,2,"Earth","Arthurian Legends"
"Fields of Camlann",Site,Unique,None,None,None,"Fire","Arthurian Legends"
"Fields of Phyxis",Site,Exceptional,None,None,None,"Air","Promotional, Gothic"
"Fine Courser",Minion,Exceptional,2,1,1,"Air","Arthurian Legends"
"Finwife",Minion,Ordinary,2,2,2,"Water","Arthurian Legends"
"Fire Harpoons!",Magic,Ordinary,2,None,None,"Water","Alpha, Beta"
"Fireball",Magic,Exceptional,4,None,None,"Fire","Alpha, Beta"
"Firebolts",Magic,Ordinary,2,None,None,"Fire","Alpha, Beta"
"Firebreathing",Magic,Exceptional,4,None,None,"Fire","Arthurian Legends"
"Fisherman's Family",Minion,Ordinary,2,2,2,"None","Arthurian Legends"
"Flagellant",Minion,Exceptional,2,2,2,"Fire","Gothic"
"Flame Strike",Magic,Ordinary,3,None,None,"Fire","Gothic"
"Flame Wave",Magic,Elite,6,None,None,"Fire","Alpha, Beta"
"Flame of the First Ones",Artifact,Unique,2,None,None,"None","Gothic"
"Flamecaller",Avatar,None,None,1,1,"None","Beta, Promotional"
"Flaming Skull",Minion,Ordinary,2,2,2,"Fire","Gothic"
"Flaming Sword",Artifact,Exceptional,4,None,None,"None","Alpha, Beta"
"Flanking Maneuver",Magic,Exceptional,3,None,None,"Air","Alpha, Beta"
"Flayer",Minion,Ordinary,4,3,3,"Fire","Gothic"
"Flood",Aura,Exceptional,4,None,None,"Water","Alpha, Beta"
"Floodplain",Site,Exceptional,None,None,None,"Water","Alpha, Beta"
"Font of Life",Magic,Exceptional,3,None,None,"Water","Alpha, Beta"
"Foot Soldier (English)",Minion,Ordinary,None,1,1,"None","Promotional"
"Foot Soldier (Saracen)",Minion,Ordinary,None,1,1,"None","Promotional"
"Foot Soldier 1",Minion,Ordinary,None,1,1,"None","Alpha, Beta, Promotional"
"Foot Soldier 2",Minion,Ordinary,None,1,1,"None","Alpha, Beta, Promotional"
"Foot Soldier 3",Minion,Ordinary,None,1,1,"None","Alpha, Beta, Promotional"
"Foot Soldiers",Minion,Ordinary,None,1,1,"None","Arthurian Legends"
"Forge",Site,Ordinary,None,None,None,"Fire","Arthurian Legends"
"Forgotten Tomb",Site,Elite,None,None,None,"Earth","Gothic"
"Forlorn Keep",Site,Exceptional,None,None,None,"Earth","Gothic"
"Forsaken",Minion,Ordinary,2,3,3,"Air","Gothic"
"Forsaken Crypt",Site,Exceptional,None,None,None,"Air","Gothic"
"Four Fat Frogs",Magic,Exceptional,4,None,None,"Water","Gothic"
"Four Waters of Paradise",Artifact,Unique,2,None,None,"None","Arthurian Legends"
"Fourberie Knot",Artifact,Exceptional,1,None,None,"None","Arthurian Legends"
"Fowl Bones",Minion,Ordinary,1,1,1,"Air","Gothic"
"Free City",Site,Exceptional,None,3,3,"None","Alpha, Beta"
"Freeze",Magic,Ordinary,1,None,None,"Water","Gothic"
"Frisky Red Squirrel",Minion,Exceptional,1,1,1,"Earth","Arthurian Legends"
"Frog",Minion,Ordinary,None,None,None,"None","Gothic"
"Frog (Blue)",Minion,Ordinary,None,0,0,"None","Alpha, Beta"
"Frog (Green)",Minion,Ordinary,None,0,0,"None","Alpha, Beta"
"Frog (Red)",Minion,Ordinary,None,0,0,"None","Alpha, Beta"
"Frontier Settlers",Minion,Exceptional,2,1,1,"Earth","Alpha, Beta"
"Frost Nova",Magic,Exceptional,4,None,None,"Water","Alpha, Beta"
"Frozen Horror",Minion,Exceptional,5,3,3,"Water","Gothic"
"Funeral Pyre",Site,Exceptional,None,None,None,"Fire","Arthurian Legends"
"Garden of Eden",Site,Unique,None,None,None,"Earth, Water","Gothic"
"Gargantula",Minion,Elite,4,4,4,"Earth","Gothic"
"Geomancer",Avatar,None,None,1,1,"None","Beta, Promotional"
"Geyser",Magic,Exceptional,2,None,None,"Water","Alpha, Beta"
"Ghost Ship",Minion,Elite,6,5,5,"Water","Alpha, Beta"
"Ghost Town",Site,Exceptional,None,None,None,"None","Gothic"
"Ghostfire",Magic,Ordinary,1,None,None,"Fire","Gothic"
"Ghoul",Minion,Ordinary,3,3,3,"Air","Gothic"
"Giant Killer",Minion,Exceptional,3,2,2,"Water","Arthurian Legends"
"Giant Shark",Minion,Exceptional,5,5,5,"Water","Alpha, Beta"
"Gibbous Nightgaunts",Minion,Exceptional,3,3,3,"Air","Gothic"
"Gift of the Frog",Magic,Ordinary,2,None,None,"Water","Gothic"
"Gift of the Raven",Magic,Ordinary,2,None,None,"Air","Gothic"
"Gift of the Serpent",Magic,Ordinary,2,None,None,"Fire","Gothic"
"Gift of the Wolf",Magic,Ordinary,2,None,None,"Earth","Gothic"
"Gigantism",Magic,Unique,4,None,None,"Earth","Alpha, Beta"
"Gilded Aegis",Artifact,Unique,2,None,None,"None","Alpha, Beta"
"Gilman House",Site,Unique,None,None,None,"Water","Gothic"
"Glastonbury Tor",Site,Unique,None,None,None,"Earth, Fire, Air","Arthurian Legends"
"Gloam Toads",Minion,Elite,5,6,6,"Water","Gothic"
"Gnarled Wendigo",Minion,Exceptional,6,5,5,"Water","Gothic"
"Gneissgnath Gnomes",Minion,Exceptional,1,1,1,"Earth","Alpha, Beta"
"Gnome Hollows",Site,Exceptional,None,None,None,"Earth","Alpha, Beta"
"Goat for Azazel",Minion,Unique,1,0,0,"Earth","Gothic"
"Golden Dawn",Magic,Unique,7,None,None,"Earth","Gothic"
"Golden Harp",Artifact,Elite,3,None,None,"None","Arthurian Legends"
"Golgor",Minion,Elite,7,7,7,"Fire","Gothic"
"Gossamer Ghost",Minion,Ordinary,2,2,2,"Air","Gothic"
"Goswhit Helmet",Artifact,Elite,3,None,None,"None","Arthurian Legends"
"Gothic Tower",Site,Ordinary,None,None,None,"Air","Alpha, Beta, Promotional"
"Grain Sparrow",Minion,Ordinary,1,1,1,"Earth","Arthurian Legends"
"Granary Rats",Minion,Ordinary,1,1,1,"Fire","Gothic"
"Grand Old Boar",Minion,Elite,5,5,5,"Earth","Arthurian Legends"
"Grandmaster Wizard",Minion,Elite,6,0,0,"Air","Alpha, Beta, Promotional"
"Grapple Shot",Magic,Ordinary,3,None,None,"Air","Alpha, Beta"
"Grasping Ground",Magic,Elite,4,None,None,"Earth","Gothic"
"Gravedigger",Minion,Exceptional,2,2,2,"Earth","Gothic"
"Great Old One",Minion,Unique,8,16,16,"Water","Alpha, Beta"
"Great Wall",Site,Unique,None,None,None,"None","Alpha, Beta"
"Greater Blood Demon",Minion,Elite,4,6,6,"Fire","Gothic"
"Grey Wolves",Minion,Ordinary,2,1,1,"Earth","Alpha, Beta"
"Grief Larvae",Minion,Ordinary,1,1,1,"Fire","Gothic"
"Grievous Insult",Magic,Ordinary,2,None,None,"Water","Arthurian Legends"
"Grigori Rasputin",Minion,Unique,2,2,2,"Fire","Gothic"
"Grim Guisarme",Artifact,Elite,3,None,None,"None","Arthurian Legends"
"Grim Reaper",Minion,Unique,2,1,1,"Air","Alpha, Beta"
"Grösse Poltergeist",Minion,Elite,3,1,1,"Fire","Alpha, Beta"
"Guardian Angel",Minion,Exceptional,4,3,3,"Earth","Gothic"
"Guards!",Magic,Elite,6,None,None,"Earth","Arthurian Legends"
"Guile Sirens",Minion,Exceptional,3,3,3,"Water","Alpha, Beta, Promotional"
"Gyre Hippogriffs",Minion,Exceptional,4,3,3,"Air","Alpha, Beta"
"Haast Eagle",Minion,Exceptional,3,3,3,"Air","Alpha, Beta"
"Hamlet",Site,Ordinary,None,None,None,"None","Arthurian Legends"
"Hamlet's Ablaze!",Aura,Ordinary,3,None,None,"Fire","Arthurian Legends"
"Hand of Glory",Artifact,Exceptional,1,None,None,"None","Gothic"
"Harassing Ruffians",Minion,Ordinary,3,3,3,"Fire","Arthurian Legends"
"Harbinger",Avatar,None,None,1,1,"None","Gothic"
"Harpyon Urge",Magic,Exceptional,3,None,None,"Fire","Gothic"
"Harvest Festival",Magic,Exceptional,3,None,None,"Earth, Water","Gothic"
"Hauntless Head",Minion,Exceptional,1,2,2,"Air","Gothic"
"Haystack",Site,Exceptional,None,None,None,"Earth","Promotional, Gothic"
"Headless Haunt",Minion,Exceptional,3,4,4,"Air","Alpha, Beta, Promotional"
"Hearkening Kraken",Minion,Exceptional,6,5,5,"Water","Gothic"
"Heat Ray",Magic,Ordinary,3,None,None,"Fire","Alpha, Beta"
"Heirloom Lost",Site,Elite,None,None,None,"None","Gothic"
"Hellfire",Magic,Elite,5,None,None,"Fire","Gothic"
"Hellhounds",Minion,Ordinary,3,3,3,"Fire","Gothic"
"Hellmouth",Site,Unique,None,None,None,"Fire","Gothic"
"Hellstar",Minion,Unique,7,7,7,"Fire","Gothic"
"Helpful Hob",Minion,Ordinary,4,1,1,"Water","Arthurian Legends"
"Hemogoblet",Artifact,Elite,3,None,None,"None","Gothic"
"Hemogoblin",Minion,Elite,2,2,2,"Fire","Gothic"
"Hemogolem",Artifact,Elite,4,4,4,"None","Gothic"
"Heretics of Seth",Minion,Exceptional,3,3,3,"Water","Gothic"
"Highland Clansmen",Minion,Ordinary,7,5,5,"Air","Alpha, Beta"
"Highland Falconer",Minion,Elite,2,1,1,"Air","Alpha, Beta"
"Highland Princess",Minion,Unique,2,1,1,"Air","Alpha, Beta"
"Hillock Basilisk",Minion,Exceptional,4,3,3,"Fire","Alpha, Beta"
"Hillside Chapel",Site,Ordinary,None,None,None,"Earth","Gothic"
"Hollow One",Minion,Exceptional,3,4,4,"Air","Gothic"
"Holy Ground",Site,Exceptional,None,None,None,"Earth","Alpha, Beta"
"Holy Nova",Magic,Exceptional,4,None,None,"Earth","Gothic"
"Holy Warrior",Minion,Ordinary,2,2,2,"Earth","Gothic"
"Holy Water",Artifact,Exceptional,2,None,None,"None","Gothic"
"Homecoming",Aura,Elite,3,None,None,"Earth","Gothic"
"Horn of Caerleon",Artifact,Elite,4,None,None,"None","Arthurian Legends"
"Horns of Behemoth",Site,Unique,None,6,6,"Fire","Gothic"
"Horrible Hybrids",Minion,Ordinary,3,3,3,"Water","Gothic"
"Hotwheel",Minion,Exceptional,4,2,2,"Fire","Gothic"
"Hounds of Ondaros",Minion,Elite,5,4,4,"Air","Alpha, Beta"
"House Arn Bannerman",Minion,Exceptional,4,2,2,"Earth","Alpha, Beta"
"Howl from Beyond",Magic,Unique,5,None,None,"Water","Gothic"
"Humble Village",Site,Ordinary,None,None,None,"Earth","Alpha, Beta"
"Hunter's Lodge",Site,Ordinary,None,None,None,"Earth","Arthurian Legends"
"Hunting Party",Minion,Exceptional,4,3,3,"Earth","Arthurian Legends"
"Hyperparasite",Minion,Elite,4,4,4,"Water","Gothic"
"Hyter Sprites",Minion,Ordinary,2,2,2,"Air","Arthurian Legends"
"I Am Colossus!",Artifact,Unique,10,10,10,"None","Gothic"
"Ice Lance",Magic,Ordinary,3,None,None,"Water","Alpha, Beta"
"Ice Shards",Magic,Ordinary,3,None,None,"Water","Gothic"
"Iceberg",Site,Exceptional,None,None,None,"Water","Alpha, Beta"
"Ignis Rex",Minion,Unique,7,6,6,"Fire","Dragonlord"
"Ignited",Minion,Ordinary,2,3,3,"Fire","Gothic"
"Immolation",Magic,Unique,1,None,None,"Fire","Alpha, Beta"
"Impenetrable Copse",Site,Exceptional,None,None,None,"Earth","Arthurian Legends"
"Imperial Road",Site,Elite,None,None,None,"None","Alpha, Beta"
"Imposter",Avatar,None,None,0,0,"None","Gothic"
"Incinerate",Magic,Ordinary,5,None,None,"Fire","Alpha, Beta"
"Infernal Legion",Minion,Elite,6,6,6,"Fire","Alpha, Beta"
"Infiltrate",Magic,Elite,4,None,None,"Fire","Alpha, Beta"
"Infusion Factory",Site,Elite,None,None,None,"None","Gothic"
"Innsmouth Dock",Site,Unique,None,None,None,"Water","Gothic"
"Instigator Imp",Minion,Ordinary,2,1,1,"Water","Gothic"
"Interrogator",Avatar,None,None,1,1,"None","Gothic"
"Into the Abyss",Magic,Elite,4,None,None,"Water","Gothic"
"Intrepid Hero",Minion,Exceptional,3,3,3,"Earth","Gothic"
"Invasion",Aura,Elite,6,None,None,"Fire","Arthurian Legends"
"Invigorate",Magic,Exceptional,3,None,None,"Earth, Water","Gothic"
"Iron Maiden",Artifact,Elite,2,None,None,"None","Gothic"
"Iron Man Talus",Artifact,Exceptional,4,3,3,"None","Arthurian Legends"
"Iron Shackles",Artifact,Exceptional,3,None,None,"None","Alpha, Beta"
"Ironclad",Avatar,None,None,1,1,"None","Gothic"
"Island Leviathan",Site,Elite,None,8,8,"Water","Alpha, Beta"
"Jack the Ripper",Minion,Unique,3,2,2,"Air","Gothic"
"Jihad",Aura,Unique,2,None,None,"Fire","Alpha, Beta"
"Joust!",Magic,Ordinary,3,None,None,"Fire","Arthurian Legends"
"Joyous Garde",Site,Unique,None,None,None,"Fire, Water, Air","Arthurian Legends"
"Just a Rock",Artifact,Ordinary,1,None,None,"None","Arthurian Legends"
"Kairos the Archivist",Artifact,Unique,7,3,3,"None","Dragonlord"
"Karkemish Chimera",Minion,Elite,6,6,6,"Fire","Alpha, Beta"
"Keening Banshee",Minion,Ordinary,4,3,3,"Air","Arthurian Legends"
"Kelp Cavern",Site,Elite,None,None,None,"Water","Arthurian Legends"
"Kettletop Leprechaun",Minion,Ordinary,2,2,2,"Earth","Arthurian Legends"
"Key to the City",Artifact,Unique,1,None,None,"None","Gothic"
"Khamaseen Mummy",Minion,Exceptional,3,3,3,"Fire","Gothic"
"King Arthur",Minion,Unique,4,5,5,"Earth, Fire, Water, Air","Arthurian Legends, Promotional"
"King of the Realm",Minion,Unique,7,3,3,"Earth","Alpha, Beta"
"King's Council",Magic,Elite,3,None,None,"Air","Arthurian Legends"
"Kingdom of Agartha",Site,Unique,None,None,None,"Earth","Alpha, Beta"
"Kingswood Poachers",Minion,Exceptional,4,3,3,"Water","Arthurian Legends"
"Kiss of Death",Magic,Exceptional,3,None,None,"Air","Gothic"
"Kiss of Judas",Magic,Unique,3,None,None,"Water","Gothic"
"Kissers of Wounds",Minion,Exceptional,2,2,2,"Earth","Gothic"
"Kite Archer",Minion,Exceptional,3,2,2,"Air","Alpha, Beta"
"Knighthood",Magic,Exceptional,1,None,None,"Earth","Arthurian Legends"
"Kor Crematory",Site,Unique,None,None,None,"Fire","Gothic"
"Koschei's Egg",Artifact,Unique,7,None,None,"None","Gothic"
"Kythera Mechanism",Artifact,Unique,1,None,None,"None","Alpha, Beta"
"Lacuna Entity",Minion,Elite,5,4,4,"Water","Gothic"
"Lady Iseult",Minion,Unique,2,1,1,"Earth","Arthurian Legends"
"Lake Afanc",Minion,Ordinary,4,3,3,"Water","Arthurian Legends"
"Lance",Artifact,None,None,None,None,"None","Arthurian Legends"
"Land Deed",Artifact,Elite,4,None,None,"None","Alpha, Beta"
"Land Surveyor",Minion,Ordinary,2,1,1,"Earth","Alpha, Beta"
"Landmass",Magic,Ordinary,3,None,None,"Earth","Gothic"
"Lash",Magic,Ordinary,3,None,None,"Fire","Gothic"
"Lava Flow",Magic,Exceptional,5,None,None,"Fire","Arthurian Legends"
"Lava Salamander",Minion,Exceptional,2,1,1,"Fire","Alpha, Beta"
"Leadworks",Site,Ordinary,None,None,None,"Fire","Gothic"
"Leap Attack",Magic,Exceptional,4,None,None,"Fire","Alpha, Beta"
"Led Astray",Magic,Ordinary,2,None,None,"Water","Arthurian Legends"
"Legion of Gall",Minion,Elite,5,5,5,"Air","Gothic"
"Lesser Blood Demon",Minion,Ordinary,2,3,3,"Fire","Gothic"
"Leyline Henge",Site,Ordinary,None,None,None,"None","Arthurian Legends"
"Lifewish",Magic,Unique,6,None,None,"Earth, Water","Gothic"
"Lighthouse",Site,Exceptional,None,None,None,"Water, Air","Alpha, Beta"
"Lightning Bolt",Magic,Ordinary,2,None,None,"Air","Alpha, Beta, Promotional"
"Lilith",Minion,Unique,5,3,3,"Water","Gothic"
"Locusts of Illyria",Minion,Unique,6,2,2,"Fire","Gothic"
"Lone Tower",Site,Ordinary,None,None,None,"Air","Alpha, Beta, Promotional"
"Lookout",Site,Ordinary,None,None,None,"Air","Arthurian Legends"
"Lord of Destruction",Minion,Elite,6,6,6,"Fire","Gothic"
"Lord of Fear",Minion,Elite,6,6,6,"Air","Gothic"
"Lord of Greed",Minion,Elite,6,6,6,"Earth","Gothic"
"Lord of Lies",Minion,Elite,6,6,6,"Water","Gothic"
"Lord of Unland",Minion,Unique,4,3,3,"Water","Alpha, Beta"
"Lord of the Void",Minion,Unique,9,0,0,"Air","Alpha, Beta"
"Love Potion",Artifact,Elite,6,None,None,"None","Arthurian Legends"
"Lucid Dreamers",Minion,Elite,2,2,2,"Water","Gothic"
"Lucky Charm",Artifact,Exceptional,1,None,None,"None","Alpha, Beta"
"Lugbog Cat",Minion,Exceptional,3,4,4,"Water","Arthurian Legends"
"Lumbering Giant",Minion,Ordinary,4,4,4,"Fire","Arthurian Legends"
"Lure",Magic,Ordinary,1,None,None,"Water","Gothic"
"Mad Dash",Magic,Ordinary,2,None,None,"Fire","Alpha, Beta"
"Maddening Bells",Artifact,Elite,4,None,None,"None","Alpha, Beta"
"Maelström",Site,Unique,None,None,None,"Water","Alpha, Beta"
"Mage Slayer",Minion,Ordinary,3,2,2,"Earth","Alpha, Beta"
"Magellan Globe",Artifact,Elite,2,None,None,"None","Alpha, Beta"
"Magic Missiles",Magic,Ordinary,2,None,None,"Air","Arthurian Legends"
"Magician",Avatar,None,None,1,1,"None","Gothic"
"Magnetic Muzzle",Artifact,Elite,2,None,None,"None","Alpha, Beta"
"Maiden, Mother, Crone",Minion,Unique,5,3,3,"Water","Gothic"
"Major City",Site,Elite,None,None,None,"None","Arthurian Legends"
"Major Explosion",Magic,Elite,7,None,None,"Fire","Alpha, Beta"
"Makeshift Barricade",Artifact,Ordinary,3,None,None,"None","Gothic"
"Malakhim",Minion,Elite,6,4,4,"Earth","Gothic"
"Mandrake Jars",Artifact,Exceptional,1,None,None,"None","Gothic"
"Marine Voyage",Magic,Exceptional,2,None,None,"Water","Alpha, Beta"
"Mariner's Curse",Aura,Exceptional,3,None,None,"Water","Alpha, Beta"
"Martyrs of Tomorrow",Minion,Ordinary,3,2,2,"Fire","Gothic"
"Mask of Mayhem",Artifact,Elite,4,None,None,"None","Alpha, Beta"
"Master Necromancer",Minion,Elite,5,2,2,"Air","Gothic"
"Master Tracker",Minion,Elite,2,2,2,"Earth","Alpha, Beta"
"Mayor of Milborne",Minion,Elite,3,2,2,"Earth","Gothic"
"Maze Minotaur",Minion,Elite,4,4,4,"Fire","Alpha, Beta"
"Meat Hook",Artifact,Exceptional,4,None,None,"None","Gothic"
"Megalurker",Minion,Elite,7,6,6,"Earth","Gothic"
"Megamoeba",Minion,Elite,3,0,0,"Water","Alpha, Beta"
"Men of Leng",Minion,Ordinary,2,2,2,"Air","Alpha, Beta"
"Mephistopheles",Minion,Unique,6,4,4,"Air","Gothic"
"Merlin",Minion,Unique,3,3,3,"Air","Arthurian Legends"
"Merlin's Staff",Artifact,Unique,2,None,None,"None","Arthurian Legends"
"Merlin's Tower",Site,Unique,None,None,None,"Air","Arthurian Legends"
"Mesmer Demon",Minion,Ordinary,3,3,3,"Water","Gothic"
"Mesmerism",Magic,Unique,4,None,None,"Water","Arthurian Legends"
"Mester Stoor Worm",Minion,Elite,6,7,7,"Water","Arthurian Legends"
"Meteor Shower",Magic,Elite,9,None,None,"Fire","Alpha, Beta"
"Midland Army",Minion,Unique,8,8,8,"Earth","Alpha, Beta"
"Midnight Rogue",Minion,Ordinary,3,2,2,"Air","Alpha, Beta"
"Mimic",Minion,Exceptional,4,2,2,"Water","Gothic"
"Minecart Madness",Magic,Exceptional,2,None,None,"Earth","Alpha, Beta"
"Minor Explosion",Magic,Ordinary,3,None,None,"Fire","Alpha, Beta"
"Miracle Workers",Minion,Ordinary,2,1,1,"Earth","Alpha, Beta"
"Mirage",Site,Elite,None,None,None,"Fire","Alpha, Beta"
"Mirror Realm",Site,Unique,None,None,None,"None","Alpha, Beta"
"Mismanaged Mortuary",Site,Elite,None,None,None,"None","Gothic"
"Mix Aer",Artifact,Elite,1,None,None,"None","Alpha, Beta"
"Mix Aqua",Artifact,Elite,1,None,None,"None","Alpha, Beta"
"Mix Ignis",Artifact,Elite,1,None,None,"None","Alpha, Beta"
"Mix Terra",Artifact,Elite,1,None,None,"None","Alpha, Beta"
"Molten Maar",Site,Exceptional,None,None,None,"Fire","Gothic"
"Monastery Gargoyle",Minion,Exceptional,5,3,3,"Earth","Alpha, Beta"
"Monks of Kobalsa",Minion,Ordinary,4,4,4,"Earth","Gothic"
"Monster Hunter",Minion,Exceptional,3,2,2,"Earth","Alpha, Beta"
"Monstermorphosis",Magic,Exceptional,3,None,None,"Water","Gothic"
"Monstrous Lion",Minion,Elite,4,4,4,"Fire","Arthurian Legends"
"Moon Clan Werewolf",Minion,Exceptional,3,3,3,"Air","Alpha, Beta"
"Moonsong Talagelum",Minion,Unique,3,3,3,"Earth, Air","Dragonlord"
"Mordric Druids",Minion,Elite,2,1,1,"Earth","Alpha, Beta"
"Morgana le Fay",Minion,Unique,3,3,3,"Fire","Arthurian Legends"
"Mortal Soil",Aura,Elite,5,None,None,"Earth","Gothic"
"Mortality",Magic,Ordinary,2,None,None,"Air","Alpha, Beta"
"Moss Troll",Minion,Ordinary,3,3,3,"Water","Gothic"
"Mother Nature",Minion,Unique,6,3,3,"Water","Alpha, Beta"
"Mount Ussar Sanctuary",Site,Unique,None,None,None,"Earth","Gothic"
"Mountain Giant",Minion,Elite,8,8,8,"Earth","Alpha, Beta"
"Mountain Pass",Site,Exceptional,None,None,None,"Air","Alpha, Beta"
"Mountain Peaks",Site,Exceptional,None,None,None,"Air","Gothic"
"Mover of Mountains",Minion,Unique,2,2,2,"Earth","Gothic"
"Muck Lampreys",Minion,Ordinary,2,2,2,"Water","Alpha, Beta"
"Muddy Pigs",Minion,Ordinary,2,2,2,"Water","Gothic"
"Mudflow",Site,Exceptional,None,None,None,"None","Alpha, Beta"
"Mudslide",Site,Exceptional,None,None,None,"Water","Gothic"
"Muirid Fomorians",Minion,Exceptional,7,6,6,"Water","Arthurian Legends"
"Murder of Crows",Magic,Ordinary,3,None,None,"Air","Gothic"
"Myrrh's Trophy Room",Site,Unique,None,None,None,"None","Gothic"
"Màzuj Ifrit",Minion,Elite,3,4,4,"Fire","Gothic"
"Nadir Seed",Artifact,Elite,3,None,None,"None","Gothic"
"Necromancer",Avatar,None,None,1,1,"None","Gothic"
"Necronomiconcert",Magic,Elite,5,None,None,"Air","Gothic"
"Necropotence",Magic,Exceptional,1,None,None,"Earth","Gothic"
"Nelly Longarms",Minion,Unique,3,2,2,"Water","Arthurian Legends"
"Nightmare",Minion,Elite,7,6,6,"Air","Alpha, Beta"
"Nightwatchmen",Minion,Ordinary,3,3,3,"Earth","Gothic"
"Nimbus Jinn",Minion,Elite,6,4,4,"Air","Alpha, Beta"
"No Man's Land",Site,Elite,None,None,None,"Earth","Gothic"
"Noisome Twosome",Minion,Ordinary,2,2,2,"Earth","Gothic"
"Nommo Monitor",Minion,Exceptional,3,3,3,"Water","Gothic"
"Nosferatu",Minion,Unique,6,4,4,"Air","Gothic"
"Novice Necromancer",Minion,Ordinary,2,1,1,"Air","Gothic"
"Noxious Corpse",Minion,Ordinary,2,2,2,"Fire","Gothic"
"Oasis",Site,Exceptional,None,None,None,"Fire, Water","Alpha, Beta"
"Observatory",Site,Elite,None,None,None,"Air","Alpha, Beta"
"Occult Ritual",Magic,Unique,2,None,None,"Air","Alpha, Beta, Promotional"
"Ogre Goons",Minion,Ordinary,3,3,3,"Fire","Alpha, Beta"
"Old Mortimer's Den",Site,Unique,None,None,None,"None","Gothic"
"Old Salt Anchorman",Minion,Ordinary,2,2,2,"Water","Alpha, Beta"
"Ominous Owl",Minion,Ordinary,1,1,1,"Air","Arthurian Legends"
"One-shot Wizard",Minion,Ordinary,1,1,1,"Fire","Gothic"
"Onslaught",Magic,Exceptional,3,None,None,"Earth, Fire","Gothic"
"Onyx Core",Artifact,Unique,1,None,None,"None","Alpha, Beta"
"Open Grave",Site,Ordinary,None,None,None,"Earth","Gothic"
"Open Mausoleum",Site,Ordinary,None,None,None,"Air","Gothic"
"Ophanim",Minion,Elite,6,4,4,"Air","Gothic"
"Orb of Ba'al Berith",Artifact,Unique,5,None,None,"None","Alpha, Beta"
"Order of the Pale Worm",Minion,Exceptional,3,3,3,"Air","Gothic"
"Order of the Sacred Oak",Minion,Exceptional,3,3,3,"Water","Gothic"
"Order of the White Wing",Minion,Exceptional,3,3,3,"Earth","Gothic"
"Orm Infestor",Minion,Elite,3,2,2,"Water","Gothic"
"Ormund Harpooneers",Minion,Exceptional,2,2,2,"Water","Alpha, Beta"
"Orpheus' Crossing",Site,Unique,None,None,None,"Air","Gothic"
"Outback Strider",Minion,Exceptional,3,3,3,"Fire","Alpha, Beta"
"Overbearing Bailiff",Minion,Elite,3,0,0,"Earth","Arthurian Legends"
"Overflow",Magic,Ordinary,3,None,None,"Water","Gothic"
"Overpower",Magic,Ordinary,1,None,None,"Earth","Alpha, Beta"
"Pact with the Devil",Magic,Unique,4,None,None,"Fire","Alpha, Beta"
"Paladins of Bazia",Minion,Elite,4,4,4,"Earth","Gothic"
"Palliburrie Bats",Minion,Ordinary,2,2,2,"Air","Alpha, Beta"
"Panorama Manticore",Minion,Elite,5,5,5,"Fire","Alpha, Beta"
"Panpipes of Pnom",Artifact,Elite,3,None,None,"None","Gothic"
"Pathfinder",Avatar,None,None,1,1,"None","Alpha, Beta, Promotional"
"Payload Trebuchet",Artifact,Elite,5,None,None,"None","Alpha, Beta"
"Peace Offering",Minion,Unique,1,0,0,"Earth","Gothic"
"Peacemaker Arbalest",Artifact,Elite,3,None,None,"None","Gothic"
"Peasant Revolt",Magic,Unique,5,None,None,"Fire","Arthurian Legends"
"Pebbled Paths",Site,Exceptional,None,None,None,"Earth","Arthurian Legends"
"Peculiar Port",Site,Exceptional,None,None,None,"Water","Gothic"
"Pendragon Banner",Artifact,Elite,4,None,None,"None","Arthurian Legends"
"Pendragon Legacy",Magic,Unique,1,None,None,"Earth","Arthurian Legends"
"Pendulum of Peril",Artifact,Unique,6,None,None,"None","Alpha, Beta"
"Penitent Knight",Minion,Ordinary,3,3,3,"Earth","Gothic"
"Peregrine Apparition",Minion,Exceptional,3,1,1,"Air","Alpha, Beta"
"Perilous Bridge",Site,Elite,None,None,None,"Air","Arthurian Legends"
"Persecutor",Avatar,None,None,2,2,"None","Gothic"
"Petrosian Cavalry",Minion,Ordinary,4,3,3,"Fire","Alpha, Beta"
"Phantasmal Shade",Minion,Exceptional,3,4,4,"Air","Alpha, Beta"
"Phantom Steed",Minion,Exceptional,3,2,2,"Air","Alpha, Beta"
"Phase Assassin",Minion,Exceptional,3,3,3,"Air","Alpha, Beta"
"Philosopher's Stone",Artifact,Unique,1,None,None,"None","Alpha, Beta"
"Pied Piper of Hameln",Minion,Unique,2,2,2,"Water","Gothic"
"Pigs of the Sounder",Minion,Exceptional,3,3,3,"Earth","Arthurian Legends"
"Pile of Skulls",Artifact,Exceptional,5,None,None,"None","Gothic"
"Pilgrim's Shrine",Site,Elite,None,None,None,"Earth","Gothic"
"Pillar of Zeiros",Site,Unique,None,None,None,"Earth","Alpha, Beta"
"Pirate Ship",Minion,Ordinary,4,5,5,"Water","Alpha, Beta"
"Pit Vipers",Minion,Ordinary,1,1,1,"Fire","Alpha, Beta"
"Pith Imp",Minion,Ordinary,2,1,1,"Air","Gothic"
"Plague Pits",Site,Elite,None,None,None,"Fire","Gothic"
"Plague Rat",Minion,Ordinary,1,1,1,"Air","Gothic"
"Plague of Frogs",Magic,Unique,1,None,None,"Water","Alpha, Beta"
"Planar Gate",Site,Elite,None,None,None,"None","Alpha, Beta"
"Plate of the Whale",Artifact,Unique,4,None,None,"None","Gothic"
"Plumed Pegasus",Minion,Ordinary,3,3,3,"Air","Alpha, Beta"
"Pnakotic Manuscript",Artifact,Unique,2,None,None,"None","Alpha, Beta"
"Poison Nova",Magic,Exceptional,5,None,None,"Fire","Alpha, Beta"
"Poisoned Well",Site,Exceptional,None,None,None,"Fire","Arthurian Legends"
"Poisonous Dagger",Artifact,Exceptional,2,None,None,"None","Alpha, Beta"
"Polar Bears",Minion,Ordinary,2,2,2,"Water","Alpha, Beta"
"Polar Explorers",Minion,Elite,2,2,2,"Water","Alpha, Beta"
"Pollimorph",Magic,Elite,2,None,None,"Water","Alpha, Beta"
"Pond",Site,Ordinary,None,None,None,"Water","Arthurian Legends"
"Pookas",Minion,Exceptional,3,2,2,"Fire","Arthurian Legends"
"Porcupine Pufferfish",Minion,Ordinary,1,1,1,"Water","Alpha, Beta"
"Postern Gate",Site,Elite,None,None,None,"None","Arthurian Legends"
"Power of Flight",Magic,Ordinary,2,None,None,"Air","Arthurian Legends"
"Powerwish",Magic,Unique,6,None,None,"Earth, Fire","Gothic"
"Primordial Spring",Site,Elite,None,None,None,"None","Alpha, Beta"
"Pristine Paradise",Site,Unique,None,None,None,"Earth, Fire, Water, Air","Alpha, Beta"
"Profane Revenant",Minion,Ordinary,1,3,3,"Fire","Gothic"
"Psionic Blast",Magic,Exceptional,2,None,None,"Air","Alpha, Beta"
"Pudge Butcher",Minion,Exceptional,4,5,5,"Earth","Alpha, Beta, Promotional"
"Puppet Master",Minion,Elite,6,1,1,"Air","Alpha, Beta"
"Purgatory",Site,Unique,None,None,None,"Fire","Gothic"
"Purge Juggernaut",Artifact,Elite,6,4,4,"None","Alpha, Beta"
"Purple Knight",Minion,Exceptional,3,3,2,"Fire, Air","Arthurian Legends"
"Putrid Presence",Minion,Unique,4,1,1,"Water","Gothic"
"Quagmire",Site,Exceptional,None,None,None,"Earth","Alpha, Beta"
"Quarrelsome Kobolds",Minion,Exceptional,3,2,2,"Fire","Alpha, Beta"
"Queen Guinevere",Minion,Unique,4,1,1,"Earth, Fire, Water, Air","Arthurian Legends"
"Queen of Midland",Minion,Unique,5,1,1,"Earth","Alpha, Beta"
"Questing Beast",Minion,Unique,5,5,5,"Water","Arthurian Legends"
"Raal Dromedary",Minion,Ordinary,1,2,2,"Fire","Alpha, Beta"
"Rain of Arrows",Magic,Ordinary,2,None,None,"Air","Alpha, Beta"
"Raise Dead",Magic,Exceptional,4,None,None,"Air","Alpha, Beta"
"Raise Militia",Magic,Ordinary,3,None,None,"Air","Gothic"
"Rat King",Minion,Elite,3,3,3,"Earth","Gothic"
"Ravenous Werewolf",Minion,Ordinary,5,3,3,"Fire","Gothic"
"Raze",Magic,Exceptional,4,None,None,"Fire","Gothic"
"Realm-Eater",Avatar,None,None,1,1,"None","Gothic"
"Rebecks",Minion,Unique,5,4,4,"Fire","Arthurian Legends"
"Recall",Magic,Exceptional,2,None,None,"Air","Alpha, Beta"
"Reckless Squire",Minion,Ordinary,3,1,1,"Fire","Arthurian Legends"
"Recurring Specter",Minion,Elite,2,1,1,"Air","Alpha, Beta"
"Red Desert",Site,Ordinary,None,None,None,"Fire","Alpha, Beta"
"Red Rock of Ravannis",Artifact,Unique,3,None,None,"None","Gothic"
"Redbreast Robin",Minion,Ordinary,1,1,1,"Fire","Arthurian Legends"
"Redcap Powries",Minion,Exceptional,3,3,3,"Fire","Arthurian Legends"
"Redmane Hyena",Minion,Exceptional,2,2,2,"Fire","Gothic"
"Regurgitator",Minion,Elite,5,4,4,"Water","Gothic"
"Release the Hounds",Magic,Elite,7,None,None,"Fire","Gothic"
"Relentless Crowd",Minion,Ordinary,2,2,2,"Earth","Promotional"
"Remote Desert",Site,Ordinary,None,None,None,"Fire","Alpha, Beta"
"Renatus Trueblood",Minion,Elite,5,4,4,"Air","Gothic"
"Replication",Magic,Elite,2,None,None,"Water","Alpha, Beta"
"Rescue",Magic,Ordinary,3,None,None,"Earth","Arthurian Legends"
"Rest in Peace",Aura,Elite,5,None,None,"Earth","Alpha, Beta"
"Return to Nature",Magic,Ordinary,2,None,None,"Water","Gothic"
"Returned King",Minion,Unique,6,3,3,"Earth","Gothic"
"Revered Revenant",Minion,Ordinary,1,3,3,"Earth","Gothic"
"Rhitta Gawr of Snowdonia",Minion,Unique,6,6,6,"Earth","Arthurian Legends"
"Rhongomyniad",Artifact,Unique,4,None,None,"None","Arthurian Legends"
"Ribble Boggart",Minion,Elite,3,3,3,"Water","Arthurian Legends"
"Riddle Sphinx",Minion,Elite,6,4,4,"Air","Alpha, Beta"
"Rift Valley",Site,Elite,None,None,None,"Earth","Alpha, Beta"
"Rimland Nomads",Minion,Ordinary,2,2,2,"Fire","Alpha, Beta"
"Ring of Morrigan",Artifact,Unique,1,None,None,"None","Arthurian Legends"
"Riptide",Magic,Ordinary,2,None,None,"Water","Alpha, Beta"
"River Rapids",Site,Elite,None,None,None,"Water","Gothic"
"River of Blood",Site,Exceptional,None,None,None,"Fire","Promotional, Gothic"
"River of Flame",Site,Unique,None,None,None,"Fire","Alpha, Beta"
"Road to Perdition",Site,Exceptional,None,None,None,"Fire","Gothic"
"Roaming Monster",Minion,Ordinary,5,4,4,"Air","Alpha, Beta"
"Rolling Boulder",Artifact,Exceptional,4,None,None,"None","Alpha, Beta"
"Root Spider",Minion,Exceptional,3,2,2,"Earth","Alpha, Beta"
"Roots of Yggdrasil",Site,Unique,None,None,None,"None","Alpha, Beta"
"Rowdy Boys",Minion,Exceptional,3,3,3,"Earth","Gothic"
"Royal Bodyguard",Minion,Elite,4,4,4,"Earth","Alpha, Beta"
"Rubble",Site,Ordinary,None,None,None,"None","Alpha, Beta, Arthurian Legends, Promotional, Gothic"
"Ruby Core",Artifact,Unique,1,None,None,"None","Alpha, Beta"
"Ruins",Site,Exceptional,None,None,None,"Fire, Air","Alpha, Beta"
"Ruler of Thul",Minion,Unique,4,3,3,"Water","Alpha, Beta"
"Rustic Village",Site,Ordinary,None,None,None,"Earth","Alpha, Beta"
"Sacred Scarabs",Minion,Ordinary,2,1,1,"Fire","Alpha, Beta"
"Sacred Stag",Minion,Elite,4,4,4,"Water","Gothic"
"Saint of Redemption",Minion,Unique,2,2,2,"Earth","Gothic"
"Saintweald",Site,Unique,None,None,None,"None","Gothic"
"Salmon of Knowledge",Minion,Elite,3,0,0,"Water","Arthurian Legends"
"Salt the Earth",Aura,Unique,4,None,None,"Fire","Gothic"
"Sand Worm",Minion,Ordinary,4,4,4,"Fire","Alpha, Beta"
"Sandstorm",Aura,Ordinary,1,None,None,"Fire","Alpha, Beta"
"Saracen Raiders",Minion,Exceptional,4,3,3,"Fire","Arthurian Legends"
"Saracen Scout",Minion,Ordinary,2,2,2,"Fire","Arthurian Legends"
"Satanic Panic",Magic,Unique,5,None,None,"Fire","Gothic"
"Savior",Avatar,None,None,1,1,"None","Gothic"
"Sawbones",Minion,Elite,1,2,2,"Earth","Gothic"
"Scarecrow",Artifact,Ordinary,2,None,None,"None","Alpha, Beta"
"Scatter",Magic,Exceptional,3,None,None,"Water, Air","Gothic"
"Scavenging Fiend",Minion,Exceptional,4,2,2,"Fire","Alpha, Beta"
"Scent Hounds",Minion,Ordinary,2,2,2,"Earth","Alpha, Beta"
"Scorched Earth",Magic,Elite,3,None,None,"Fire","Alpha, Beta"
"Scourge Zombies",Minion,Ordinary,4,2,2,"Earth","Alpha, Beta"
"Screamer",Minion,Ordinary,3,3,3,"Air","Gothic"
"Screaming Skull",Artifact,Elite,3,None,None,"None","Alpha, Beta"
"Sea Raider",Minion,Exceptional,3,3,3,"Water","Alpha, Beta"
"Sea Serpent",Minion,Ordinary,4,4,4,"Water","Alpha, Beta"
"Sea Witch",Minion,Ordinary,2,2,2,"Water","Gothic"
"Sea of Ash",Site,Unique,None,None,None,"None","Gothic"
"Search Party",Minion,Ordinary,3,3,3,"Earth","Gothic"
"Searing Truth",Magic,Exceptional,3,None,None,"Fire","Gothic"
"Seasoned Sellsword",Minion,Elite,2,4,4,"Fire","Alpha, Beta"
"Second Wind",Magic,Ordinary,1,None,None,"Air","Gothic"
"Secret Tunnel",Site,Exceptional,None,None,None,"Earth","Alpha, Beta"
"Sedge Crabs",Minion,Ordinary,1,3,3,"Water","Alpha, Beta"
"Seelie Court",Minion,Elite,6,5,5,"Water","Arthurian Legends"
"Seer",Avatar,None,None,1,1,"None","Alpha, Beta, Promotional"
"Seirawan Hydra",Minion,Elite,6,6,6,"Water","Alpha, Beta"
"Selfsame Simulacrum",Minion,Elite,4,0,0,"Water","Alpha, Beta"
"Sensu of the Fang",Artifact,Exceptional,1,None,None,"None","Gothic"
"Sentinel Trap",Artifact,Elite,4,None,None,"None","Gothic"
"Seraphim",Minion,Elite,6,4,4,"Water","Gothic"
"Serava Townsfolk",Minion,Ordinary,1,2,2,"Water","Gothic"
"Seven-League Boots",Artifact,Unique,3,None,None,"None","Alpha, Beta"
"Sewer Rats",Minion,Ordinary,1,1,1,"Water","Gothic"
"Shackled Demon",Minion,Elite,4,5,5,"Fire","Gothic"
"Shallow Grave",Site,Exceptional,None,None,None,"Earth","Gothic"
"Shameless Squire",Minion,Ordinary,3,1,1,"Water","Arthurian Legends"
"Shapeshift",Magic,Elite,4,None,None,"Water","Arthurian Legends"
"Shatter Strike",Magic,Exceptional,4,None,None,"Fire","Arthurian Legends"
"Shellycoat",Minion,Ordinary,2,2,2,"Water","Arthurian Legends"
"Sherwood Huntress",Minion,Ordinary,2,2,2,"Air","Arthurian Legends"
"Shield Maidens",Minion,Exceptional,3,2,2,"Earth","Alpha, Beta"
"Shield Wall",Magic,Exceptional,3,None,None,"Earth","Alpha, Beta"
"Shifting Sands",Site,Exceptional,None,None,None,"Fire","Alpha, Beta"
"Shoggoth",Minion,Ordinary,6,5,5,"Water","Gothic"
"Shrike Orchard",Site,Elite,None,None,None,"Air","Gothic"
"Shrine of the Dragonlord",Artifact,Unique,2,None,None,"None","Dragonlord"
"Shrink",Magic,Exceptional,1,None,None,"Water","Alpha, Beta"
"Siege Ballista",Artifact,Exceptional,3,None,None,"None","Alpha, Beta"
"Siege Giant",Minion,Exceptional,4,4,4,"Fire","Arthurian Legends"
"Silence",Aura,Elite,3,None,None,"Water","Alpha, Beta"
"Silent Hills",Site,Ordinary,None,None,None,"Earth","Gothic"
"Silver Bullet",Artifact,Elite,2,None,None,"None","Gothic"
"Silver Valkyries",Minion,Elite,6,4,4,"Earth","Alpha, Beta"
"Simple Village",Site,Ordinary,None,None,None,"Earth","Alpha, Beta"
"Sinister Pond",Site,Elite,None,None,None,"Water","Gothic"
"Sinkhole",Site,Elite,None,None,None,"None","Alpha, Beta"
"Sinterfee",Minion,Exceptional,2,2,2,"Fire","Gothic"
"Sir Agravaine",Minion,Unique,3,3,2,"Fire, Water","Arthurian Legends"
"Sir Balin",Minion,Unique,4,3,4,"Fire, Air","Arthurian Legends"
"Sir Bedivere",Minion,Unique,4,3,4,"Earth, Water","Arthurian Legends"
"Sir Bors the Younger",Minion,Unique,3,4,2,"Earth, Air","Arthurian Legends"
"Sir Gaheris",Minion,Unique,4,3,5,"Fire, Water","Arthurian Legends"
"Sir Galahad",Minion,Unique,5,3,6,"Earth, Air","Arthurian Legends"
"Sir Gareth",Minion,Unique,4,3,4,"Water, Air","Arthurian Legends"
"Sir Gawain",Minion,Unique,4,3,5,"Earth, Fire, Water","Arthurian Legends"
"Sir Ironside",Minion,Unique,4,4,4,"Earth, Water","Arthurian Legends"
"Sir Kay",Minion,Unique,4,4,4,"Earth, Fire, Air","Arthurian Legends"
"Sir Lamorak",Minion,Unique,4,4,3,"Fire, Air","Arthurian Legends"
"Sir Lancelot",Minion,Unique,6,4,6,"Earth, Fire","Arthurian Legends, Promotional"
"Sir Mordred",Minion,Unique,6,4,4,"Fire, Water","Arthurian Legends"
"Sir Morien",Minion,Unique,4,3,3,"Earth, Fire","Arthurian Legends"
"Sir Pelleas",Minion,Unique,3,4,3,"Water, Air","Arthurian Legends"
"Sir Pellinore",Minion,Unique,6,5,3,"Fire, Air","Arthurian Legends"
"Sir Perceval",Minion,Unique,4,4,5,"Earth, Air","Arthurian Legends"
"Sir Priamus",Minion,Unique,4,2,4,"Earth, Fire","Arthurian Legends"
"Sir Tom Thumb",Minion,Unique,2,2,1,"Water, Air","Arthurian Legends"
"Sir Tristan",Minion,Unique,5,2,4,"Fire, Water, Air","Arthurian Legends"
"Sir Yvain",Minion,Unique,5,3,4,"Earth, Water","Arthurian Legends"
"Sirian Templar",Minion,Exceptional,3,3,3,"Earth","Alpha, Beta"
"Sirocco Scorpions",Minion,Ordinary,2,2,2,"Fire","Alpha, Beta"
"Sister Stefánia",Minion,Unique,2,2,2,"Earth","Gothic"
"Sisters of Avalon",Minion,Exceptional,2,1,1,"Air","Arthurian Legends"
"Sisters of Silence",Minion,Elite,2,1,1,"Earth","Alpha, Beta"
"Sjaelström",Magic,Elite,3,None,None,"Air","Gothic"
"Skeleton",Minion,Ordinary,None,1,1,"None","Promotional, Gothic"
"Skeleton Mage",Minion,Exceptional,2,1,1,"Air","Gothic"
"Skirmishers of Mu",Minion,Exceptional,4,3,3,"Air","Alpha, Beta"
"Sky Baron",Minion,Elite,6,6,6,"Air","Alpha, Beta"
"Sleep",Magic,Ordinary,2,None,None,"Water","Alpha, Beta"
"Slimy Mutants",Minion,Ordinary,5,4,4,"Water","Gothic"
"Sling Pixies",Minion,Exceptional,1,1,1,"Air","Alpha, Beta"
"Slobbermaw",Minion,Exceptional,3,4,4,"Fire","Gothic"
"Slumbering Giantess",Minion,Exceptional,3,5,5,"Earth","Alpha, Beta"
"Sly Fox",Minion,Ordinary,1,1,1,"Water","Arthurian Legends"
"Smite",Magic,Ordinary,4,None,None,"Earth","Gothic"
"Smokestacks of Gnaak",Site,Unique,None,None,None,"Fire","Alpha, Beta"
"Snallygaster",Minion,Ordinary,3,3,3,"Air","Gothic"
"Sneak Thief",Minion,Elite,2,2,2,"Water","Alpha, Beta"
"Snow Leopard",Minion,Ordinary,1,2,2,"Air","Alpha, Beta"
"Snowball",Magic,Exceptional,5,None,None,"Water","Arthurian Legends"
"Sold-out Cemetery",Site,Elite,None,None,None,"Air","Gothic"
"Sorcerer",Avatar,None,None,1,1,"None","Alpha, Beta, Promotional"
"Sow the Earth",Aura,Unique,4,None,None,"Earth","Gothic"
"Sparkmage",Avatar,None,None,1,1,"None","Beta, Promotional"
"Spear of Destiny",Artifact,Unique,5,None,None,"None","Alpha, Beta"
"Spearmarshal",Minion,Elite,5,3,3,"Earth","Arthurian Legends"
"Spectral Stalker",Minion,Ordinary,2,2,2,"Air","Alpha, Beta"
"Spellslinger",Avatar,None,None,1,1,"None","Promotional"
"Sphere of Animosity",Aura,Elite,3,None,None,"Air","Gothic"
"Sphinx Sarcophagus",Site,Elite,None,None,None,"None","Gothic"
"Spin Attack",Magic,Ordinary,3,None,None,"Fire","Alpha, Beta"
"Spire",Site,Ordinary,None,None,None,"Air","Promotional, Gothic"
"Spire Lich",Minion,Exceptional,3,1,1,"Air","Alpha, Beta"
"Spore Spouts",Site,Ordinary,None,None,None,"Air","Gothic"
"Spring River",Site,Ordinary,None,None,None,"Water","Alpha, Beta"
"Squeakers",Minion,Ordinary,1,1,1,"Earth","Arthurian Legends"
"Squirming Mass",Minion,Elite,3,0,0,"Earth","Alpha, Beta"
"Stagecoach",Minion,Elite,3,2,2,"Air","Gothic"
"Standing Stones",Site,Elite,None,None,None,"None","Alpha, Beta"
"Star-seeds of Uhr",Magic,Unique,1,None,None,"Earth","Alpha, Beta"
"Stargazer",Minion,Elite,5,2,2,"Air","Gothic"
"Static Servant",Minion,Ordinary,2,2,2,"Air","Gothic"
"Steppe",Site,Exceptional,None,None,None,"Earth, Fire","Alpha, Beta"
"Stinging Kelp",Site,Ordinary,None,None,None,"Water","Gothic"
"Stitched Abomination",Minion,Elite,7,None,None,"Air","Gothic"
"Stone Rain",Magic,Exceptional,4,None,None,"Earth","Arthurian Legends"
"Stone-gaze Gorgons",Minion,Elite,5,3,3,"Earth","Alpha, Beta"
"Stormy Seas",Magic,Exceptional,4,None,None,"Water","Alpha, Beta"
"Stream",Site,Ordinary,None,None,None,"Water","Promotional, Gothic"
"Sturmgeist",Minion,Elite,3,3,3,"Air","Gothic"
"Stygian Archers",Minion,Exceptional,3,3,3,"Air","Gothic"
"Sugarplum Pixies",Minion,Exceptional,2,2,2,"Water","Arthurian Legends"
"Summer River",Site,Ordinary,None,None,None,"Water","Alpha, Beta"
"Summoning Sphere",Aura,Exceptional,1,None,None,"Air","Alpha, Beta"
"Sunken Treasure",Artifact,Exceptional,3,None,None,"None","Alpha, Beta"
"Survivors of Serava",Minion,Ordinary,2,2,2,"Water","Gothic"
"Swamp Buffalo",Minion,Ordinary,1,2,2,"Water","Alpha, Beta"
"Swan Maidens",Minion,Ordinary,2,2,2,"Water","Alpha, Beta"
"Swap",Magic,Exceptional,3,None,None,"Water","Promotional, Gothic"
"Swindler Troupe",Minion,Ordinary,3,3,3,"Water","Arthurian Legends"
"Swiven Scout",Minion,Exceptional,2,2,2,"Fire","Alpha, Beta"
"Sword and Shield",Artifact,Exceptional,3,None,None,"None","Arthurian Legends"
"Sylvan Splendor",Aura,Elite,4,None,None,"Water","Arthurian Legends"
"Symmetric Suffering",Magic,Elite,3,None,None,"Water","Gothic"
"Tabula Rasa",Artifact,Unique,2,None,None,"None","Gothic"
"Tactical Move",Magic,Ordinary,2,None,None,"Air","Arthurian Legends"
"Tadpole Pool",Site,Unique,None,None,None,"Water","Alpha, Beta"
"Talamh Dreig",Minion,Unique,7,6,6,"Earth","Dragonlord"
"Tawny",Minion,Unique,None,1,1,"None","Arthurian Legends, Promotional"
"Tax Collector",Minion,Ordinary,3,2,2,"Earth","Arthurian Legends"
"Telekinesis",Magic,Exceptional,1,None,None,"Air","Alpha, Beta"
"Teleport",Magic,Ordinary,2,None,None,"Air","Alpha, Beta"
"Templar",Avatar,Elite,None,2,2,"None","Arthurian Legends, Promotional"
"Temple of Moloch",Site,Unique,None,None,None,"Fire","Gothic"
"Ten-tonne Slug",Minion,Ordinary,7,7,7,"Water","Gothic"
"Thankless Squire",Minion,Ordinary,5,1,1,"Earth","Arthurian Legends"
"The Apex of Babel",Site,Unique,None,None,None,"Air","Gothic"
"The Base of Babel",Site,Exceptional,None,None,None,"Earth","Gothic"
"The Black Plague",Aura,Unique,4,None,None,"Air","Arthurian Legends"
"The Colour Out of Space",Site,Unique,None,None,None,"Earth, Fire, Water, Air","Alpha, Beta, Promotional"
"The Doom of Dilmun",Minion,Unique,8,6,6,"Air","Gothic"
"The Empyrean",Site,Unique,None,None,None,"None","Gothic"
"The Faerie Queene",Minion,Unique,4,3,3,"Air","Arthurian Legends"
"The Flood",Magic,Unique,6,None,None,"Water","Gothic"
"The Geistwood",Site,Unique,None,None,None,"None","Alpha, Beta"
"The Great Drowning of Men",Aura,Unique,7,None,None,"Water","Arthurian Legends"
"The Great Famine",Aura,Unique,4,None,None,"Fire","Arthurian Legends"
"The Green Knight",Minion,Unique,6,3,7,"Water","Arthurian Legends"
"The Hexham Haunts",Minion,Unique,3,3,3,"Air","Gothic"
"The Immortal Throne",Artifact,Unique,4,None,None,"None","Alpha, Beta"
"The Inquisition",Minion,Unique,5,3,3,"Fire","Gothic"
"The Lady of the Lake",Minion,Unique,3,3,3,"Water","Arthurian Legends"
"The Malleus Maleficarum",Artifact,Unique,5,None,None,"None","Gothic"
"The Manor at Daperyll Hill",Site,Unique,None,None,None,"Air","Gothic"
"The Ninth Legion",Minion,Unique,6,6,6,"Air","Arthurian Legends"
"The Pallid Bust",Artifact,Unique,4,None,None,"None","Gothic"
"The Rack",Artifact,Unique,2,None,None,"None","Gothic"
"The Round Table",Artifact,Unique,3,None,None,"None","Arthurian Legends"
"The Void",Site,Unique,None,None,None,"None","Gothic"
"The Wild Hunt",Minion,Elite,6,5,5,"Air","Arthurian Legends"
"Thieving Magpie",Minion,Ordinary,1,1,1,"Water","Arthurian Legends"
"Thin Ice",Site,Exceptional,None,None,None,"Water","Gothic"
"Thing in the Ice",Minion,Unique,3,6,6,"Water","Gothic"
"Those Who Linger",Minion,Exceptional,6,4,4,"Air","Gothic"
"Thumb Screws",Artifact,Exceptional,2,None,None,"None","Gothic"
"Thundering Giant",Minion,Elite,6,4,4,"Air","Arthurian Legends"
"Thunderstorm",Aura,Exceptional,4,None,None,"Air","Alpha, Beta"
"Tide Naiads",Minion,Exceptional,2,2,2,"Water","Alpha, Beta"
"Tintagel",Site,Unique,None,None,None,"Earth, Water, Air","Arthurian Legends"
"Tithe",Magic,Unique,1,None,None,"Earth","Arthurian Legends"
"Tombstone Wardens",Artifact,Elite,3,None,None,"None","Gothic"
"Toolbox",Artifact,Exceptional,2,None,None,"None","Gothic"
"Tooth Faeries",Minion,Exceptional,2,2,2,"Air","Arthurian Legends"
"Torch and Pitchfork",Artifact,Ordinary,4,None,None,"None","Gothic"
"Torrid Omphalos",Artifact,Unique,4,None,None,"None","Gothic"
"Torshammar Trinket",Artifact,Exceptional,1,None,None,"None","Alpha, Beta"
"Tournament Grounds",Site,Exceptional,None,None,None,"None","Arthurian Legends"
"Town",Site,Exceptional,None,None,None,"None","Arthurian Legends"
"Town Priest",Minion,Exceptional,1,1,1,"Earth","Gothic"
"Trade Encampment",Site,Elite,None,None,None,"None","Gothic"
"Tragedy Worrywart",Minion,Exceptional,3,1,1,"Earth","Alpha, Beta"
"Treetop Hideout",Site,Ordinary,None,None,None,"Air","Arthurian Legends"
"Trial by Fire",Magic,Ordinary,3,None,None,"Fire","Gothic"
"Trial by Water",Magic,Ordinary,3,None,None,"Water","Gothic"
"Tringh Constrictor",Minion,Exceptional,4,3,3,"Water","Alpha, Beta"
"Troll Bridge",Site,Exceptional,None,3,3,"Water","Arthurian Legends"
"Troubled Town",Site,Ordinary,None,None,None,"None","Gothic"
"Truesight Crossbow",Artifact,Exceptional,2,None,None,"None","Alpha, Beta"
"Tufted Turtles",Minion,Ordinary,3,2,2,"Water","Alpha, Beta"
"Tvinnax Berserker",Minion,Exceptional,4,3,3,"Fire","Alpha, Beta"
"Twilight Bloom",Site,Ordinary,None,None,None,"Air","Gothic"
"Twist of Fate",Magic,Unique,None,None,None,"Water","Alpha, Beta"
"Ultimate Horror",Minion,Unique,8,6,6,"Air","Alpha, Beta"
"Undead Ambush",Magic,Exceptional,3,None,None,"Air","Gothic"
"Undertaker Engine",Artifact,Elite,7,4,4,"None","Alpha, Beta"
"Undertow",Site,Exceptional,None,None,None,"Water","Alpha, Beta"
"Undesirables",Minion,Ordinary,6,5,5,"Earth","Gothic"
"Unland Angler",Minion,Elite,5,4,4,"Water","Alpha, Beta"
"Unland Eel",Minion,Exceptional,2,2,2,"Water","Alpha, Beta"
"Unlikely Alliance",Magic,Elite,4,None,None,"Air","Alpha, Beta"
"Unravel",Magic,Ordinary,2,None,None,"Earth","Alpha, Beta"
"Unseelie Court",Minion,Elite,6,5,5,"Air","Arthurian Legends"
"Updraft Ridge",Site,Exceptional,None,None,None,"Air","Alpha, Beta"
"Upwelling",Magic,Exceptional,4,None,None,"Water","Alpha, Beta"
"Valley",Site,Ordinary,None,None,None,"Earth","Promotional, Gothic"
"Valley of Delight",Site,Elite,None,None,None,"None","Arthurian Legends"
"Valor",Magic,Elite,0,None,None,"Earth","Arthurian Legends"
"Vampire Bats",Minion,Ordinary,2,2,2,"Air","Gothic"
"Vandal Imp",Minion,Ordinary,2,1,1,"Fire","Gothic"
"Vanguard Knights",Minion,Exceptional,3,2,2,"Earth","Alpha, Beta"
"Vanishment",Magic,Exceptional,3,None,None,"Air","Arthurian Legends"
"Vantage Hills",Site,Exceptional,None,None,None,"Earth","Alpha, Beta"
"Varistus the Evictor",Minion,Unique,3,2,2,"Earth","Gothic"
"Varmint Warrens",Site,Elite,None,None,None,"Earth","Arthurian Legends"
"Vast Desert",Site,Ordinary,None,None,None,"Fire","Gothic"
"Vatn Draconis",Minion,Unique,7,6,6,"Water","Dragonlord"
"Vaults of Zul",Site,Unique,None,None,None,"None","Alpha, Beta"
"Vengeful Heir",Minion,Elite,3,1,1,"Fire","Arthurian Legends"
"Verdant Knight",Minion,Exceptional,3,3,2,"Earth, Water","Arthurian Legends"
"Vesper Swarm",Minion,Exceptional,5,4,4,"Air","Gothic"
"Vesuvius",Site,Unique,None,None,None,"Fire","Alpha, Beta"
"Vikings",Minion,Ordinary,5,4,4,"Fire","Arthurian Legends"
"Vile Imp",Minion,Ordinary,2,2,2,"Fire","Alpha, Beta"
"Vindictive Nation",Site,Elite,None,None,None,"Fire","Gothic"
"Virgin in Prayer",Minion,Ordinary,2,1,1,"Earth","Gothic"
"Vivien the Enchantress",Minion,Unique,5,1,1,"Earth","Arthurian Legends"
"Vril Revenant",Minion,Elite,2,1,1,"Air","Alpha, Beta"
"Wall of Air",Aura,Ordinary,2,None,None,"Air","Alpha, Beta"
"Wall of Brambles",Aura,Ordinary,2,None,None,"Earth","Arthurian Legends"
"Wall of Fire",Aura,Ordinary,2,None,None,"Fire","Alpha, Beta"
"Wall of Ice",Aura,Ordinary,2,None,None,"Water","Alpha, Beta"
"War Horse",Minion,Exceptional,2,2,2,"Fire","Arthurian Legends, Promotional"
"Warp Spasm",Magic,Unique,3,None,None,"Fire","Alpha, Beta"
"Wasteland",Site,Ordinary,None,None,None,"Fire","Promotional, Gothic"
"Watchtower",Site,Exceptional,None,None,None,"Air","Alpha, Beta"
"Watery Grave",Site,Unique,None,None,None,"Water","Gothic"
"Wave of Eviction",Magic,Exceptional,2,None,None,"Water","Gothic"
"Waveshaper",Avatar,None,None,1,1,"None","Beta, Promotional"
"Wayfaring Pilgrim",Minion,Exceptional,2,1,1,"Fire","Alpha, Beta"
"Waypoint Portal",Magic,Exceptional,3,None,None,"Air","Alpha, Beta, Promotional"
"Weathered Trunks",Minion,Ordinary,4,4,4,"Water","Gothic"
"Wedding Hall",Site,Elite,None,None,None,"Earth, Fire, Water, Air","Arthurian Legends"
"Weightless Squire",Minion,Ordinary,3,1,1,"Air","Arthurian Legends"
"Whirling Blades",Magic,Exceptional,5,None,None,"Air","Alpha, Beta"
"Whirlwind",Magic,Exceptional,2,None,None,"Air","Arthurian Legends"
"White Hart",Minion,Unique,3,2,2,"Earth","Arthurian Legends"
"White Knight",Minion,Exceptional,5,3,5,"Earth, Air","Arthurian Legends"
"Wiccan Tools",Artifact,Ordinary,2,None,None,"None","Gothic"
"Wicked Witch",Minion,Elite,4,2,2,"Earth","Alpha, Beta"
"Wicker Manikin",Artifact,Ordinary,1,1,1,"None","Alpha, Beta"
"Wild Boars",Minion,Ordinary,1,2,2,"Earth","Alpha, Beta"
"Wild Fanatic",Minion,Ordinary,2,2,2,"Fire","Gothic"
"Wildfire",Aura,Exceptional,4,None,None,"Fire","Alpha, Beta"
"Willing Tribute",Minion,Ordinary,2,2,2,"Air","Gothic"
"Wills-o'-the-Wisp",Minion,Exceptional,1,1,1,"Fire","Alpha, Beta"
"Wind Sylph",Minion,Exceptional,2,1,1,"Air","Alpha, Beta"
"Windblast",Magic,Exceptional,2,None,None,"Air","Alpha, Beta"
"Windmill",Site,Exceptional,None,None,None,"Earth, Air","Alpha, Beta"
"Wings of Invention",Artifact,Exceptional,2,None,None,"None","Alpha, Beta"
"Winter Nymph",Minion,Exceptional,2,2,2,"Water","Gothic"
"Winter River",Site,Ordinary,None,None,None,"Water","Alpha"
"Witch",Avatar,Unique,None,1,1,"None","Arthurian Legends, Promotional"
"Witching Hour",Magic,Exceptional,3,None,None,"Air","Gothic"
"Witherwing Hero",Minion,Unique,4,4,4,"Air","Alpha, Beta, Promotional"
"Wizard's Den",Site,Elite,None,None,None,"None","Arthurian Legends"
"Wolpertinger",Minion,Elite,4,0,0,"Earth","Arthurian Legends"
"Wormelow Tump",Site,Unique,None,None,None,"Earth","Arthurian Legends"
"Wraetannis Titan",Minion,Elite,7,6,6,"Earth","Alpha, Beta"
"Wrath of the Sea",Magic,Elite,7,None,None,"Water","Alpha, Beta"
"Wreathed in Righteousness",Magic,Exceptional,5,None,None,"Fire","Gothic"
"Wuthering Heights",Site,Elite,None,None,None,"Air","Gothic"
"Wyvern",Minion,Exceptional,6,5,5,"Earth","Arthurian Legends"
"Xeraphine Konrul",Minion,Unique,7,5,5,"Fire, Water","Dragonlord"
"Year of the Blaze",Aura,Unique,7,None,None,"Fire","Arthurian Legends"
"Yellow Knight",Minion,Exceptional,3,3,2,"Earth, Fire","Arthurian Legends"
"Yog-Sothoth",Minion,Unique,7,10,10,"Water","Gothic"
"Yokai Kappas",Minion,Elite,4,3,3,"Water","Alpha, Beta"
"Young Master Damion",Minion,Unique,6,2,2,"Air","Gothic"
"Yourke Crossbowmen",Minion,Exceptional,3,3,3,"Earth","Alpha, Beta"
"Zap!",Magic,Ordinary,1,None,None,"Air","Gothic"
"Zephyranne Airship",Minion,Elite,4,3,3,"Air","Alpha, Beta"
"Zeppelin of Zealots",Minion,Exceptional,5,4,4,"Fire","Gothic"
"Zombie Bruiser",Minion,Exceptional,4,4,4,"Earth","Gothic"
"Zombie Horde",Minion,Ordinary,5,5,5,"Earth","Gothic"
"Älvalinne Dryads",Minion,Ordinary,2,1,1,"Earth","Alpha, Beta"
